Distance,Distance traveled,Time,Avg Speed,Height Difference,Completion
114.35256782219001,187.90207946065755,122.668,1.531793780453399,5.886933000000001,False
89.4514559846589,0.03937935860871294,112.93599999999992,0.00034868738585316434,0.09419699999999986,False
76.21670108862045,0.043157029158644986,113.14800000000014,0.00038142105170789524,0.20764499999999997,False
71.01479711551507,0.04315868402154332,113.15599999999995,0.00038140871028971807,0.0017279999999999518,False
52.752695868674955,0.032603878648405964,40.00800000000004,0.0008149339794142655,0.1044590000000003,False
